
Ali,ali@3dm.agency,1234567891,,,,09-12-2021 19:24:33
test,test@gmail.com,9999999999,,,,09-12-2021 19:39:58
test,test@test.com,1234567890,,,,09-12-2021 19:49:15
test,test@test.com,1234567890,,,,09-12-2021 19:51:33
kumar kvk,testing@gmail.com,8074697756,google,cpc,SN_Branded,09-12-2021 21:18:36
Nitin agarwal,Md@northeastworld.com,9030333330,LinkedIN,OT,,11-12-2021 02:42:18
Nagaraju,Nagarajut80@gmail.com,9014800049,LinkedIN,finance,,12-12-2021 18:49:54
satish kumar kvv,kvvsatishkumar@yahoo.com,9000782040,LinkedIN,finance,,13-12-2021 14:58:14
ASHOK AGARWAL,abhishek.relcon@gmail.com,9849023353,google,cpc,Discovery_OT,14-12-2021 02:21:08
Umarani,umarani2013@gmail.com,9866399009,google,cpc,Discovery_OT,14-12-2021 04:42:11
Umarani,umarani2013@gmail.com,9866399009,google,cpc,Discovery_OT,14-12-2021 04:43:01
Deepa,deepayalagudri@gmail.com,9676493234,google,cpc,Discovery_OT,14-12-2021 06:44:42
AjayReddy ,Vandavas.ajayreddy@gmail.com,9490977869,LinkedIN,finance,,14-12-2021 10:29:09
AjayReddy ,Vandavas.ajayreddy@gmail.com,9490977869,LinkedIN,finance,,14-12-2021 10:29:10
AjayReddy ,Vandavas.ajayreddy@gmail.com,9490977869,LinkedIN,finance,,14-12-2021 10:29:11
vijay,test@gmail.com,1234567890,,,,14-12-2021 11:13:29
vijay,test@gmail.com,1234567890,,,,14-12-2021 11:15:04
test,test@gmail.com,1234567890,,,,14-12-2021 11:19:28
Test Test,test@test.com,1234567890,,,,14-12-2021 11:23:43
Test Test,test@test.com,1234567890,,,,14-12-2021 11:24:07
test,test@gmail.com,1234567890,,,,14-12-2021 11:24:25
test,test@test.com,0123456789,,,,14-12-2021 11:24:32
test,test@gmail.com,1234567890,,,,14-12-2021 11:36:52
test,test@gmail.com,7854512541,,,,14-12-2021 12:37:09
D.Nagenderrao.,vamsienterprises91@gmail.com,9347258905,Facebook,Lookalike (IN, 1%) - FB Engagers | 365 Days,Ad 3,14-12-2021 14:59:08
D.Nagenderrao.,vamsienterprises91@gmail.com,9347258905,Facebook,Lookalike (IN, 1%) - FB Engagers | 365 Days,Ad 3,14-12-2021 14:59:10
BHASKAR RAO,drbhaskarrao@yahoo.com,8883848189,LinkedIN,OT,,14-12-2021 15:00:19
Giridhar,2giridharj@gmail.com,7708733109,LinkedIN,finance,video,14-12-2021 18:33:44
Ramkrishore,r20p22@gmail.com,9963933440,LinkedIN,finance,,14-12-2021 21:17:02
Ujjwala ,Madasrm@gmail.com,9949040102,google,cpc,Discovery_OT,15-12-2021 08:22:03
Ram,raghuram811048@gmail.com,9866687838,google,cpc,Discovery_OT,15-12-2021 08:26:44
Ram,raghuram811048@gmail.com,9866687838,google,cpc,Discovery_OT,15-12-2021 08:27:11
Ujjwala ,Madasrm@gmail.com,9949040102,google,cpc,Discovery_OT,15-12-2021 08:27:26
Ujjwala ,Madasrm@gmail.com,9949040102,google,cpc,Discovery_OT,15-12-2021 11:08:23
Ujjwala ,Madasrm@gmail.com,9949040102,google,cpc,Discovery_OT,15-12-2021 11:08:49
Ujjwala ,Madasrm@gmail.com,9949040102,google,cpc,Discovery_OT,15-12-2021 11:09:04
Mukesh,Mukesk,9555874887,google,cpc,DN_Luxury_Custom_Intent,15-12-2021 11:20:07
Mukesh,Mukesk,9555874887,google,cpc,DN_Luxury_Custom_Intent,15-12-2021 11:20:48
Sai Sunder,gudisai@gmail.com,9095639689,LinkedIN,finance,,15-12-2021 12:39:40
Sai Sunder,gudisai@gmail.com,9095639689,LinkedIN,finance,,15-12-2021 12:39:59
Sai Sunder,gudisai@gmail.com,9095639689,LinkedIN,finance,,15-12-2021 12:40:22
Bharat Reddy,bharathpalla@gmail.com,9848955717,LinkedIN,finance,video,15-12-2021 15:56:05
Bharat Reddy,bharathpalla@gmail.com,9848955717,LinkedIN,finance,video,15-12-2021 15:56:06
Bharat Reddy,bharathpalla@gmail.com,9848955717,LinkedIN,finance,video,15-12-2021 15:56:06
Bharat Reddy,bharathpalla@gmail.com,9848955717,LinkedIN,finance,video,15-12-2021 15:56:29
Bharat,j.bharat24@gmail.com,9885065080,google,cpc,SN_Branded,15-12-2021 16:06:06
Mohit,mohit.dabbiru@gmail.com,7093892123,,,,15-12-2021 16:24:20
SA,Shaileshagarwal07@gmail.com ,9989127527,Facebook,Investment | 25 - 65+ | Hyderabad,Ad 2,15-12-2021 17:55:52
SA,Shaileshagarwal07@gmail.com ,9989127527,Facebook,Investment | 25 - 65+ | Hyderabad,Ad 2,15-12-2021 17:56:05
Pragathi Gudaru,ugs17134_ece.pragathi@cbit.org.in,9550781098,LinkedIN,finance,video,15-12-2021 18:25:51
Kiran Parsa,kiranparsa@yahoo.co.in,8309805531,Facebook,Real estate & Aggregators | 25 - 65+ | Hyderabad,Ad 2,15-12-2021 20:05:04
Jumana Chakera ,Bespokecakes@gmail.com ,9949021760,google,cpc,SN_Branded,15-12-2021 20:37:00
Ali,Chakera,9513666973,google,cpc,SN_Branded,15-12-2021 21:48:37
Ali,Chakera,9513666973,google,cpc,SN_Branded,15-12-2021 21:48:38
 Vinod kumar,vinodchevva15@gmail.com,9000305544,google,cpc,SN_Luxury_Flats_Hyd,15-12-2021 23:05:30
Divanath,Kyeluguri@gmail.com,7675894471,LinkedIN,finance,,16-12-2021 09:26:20
sharada,manasapawar92@gmail.com,9949177137,google,cpc,Discovery_OT,16-12-2021 11:58:58
Dr.S.ChinnamReddy,screddy07@gmail.com,7036988777,google,cpc,Discovery_Luxury_Custom_Intent,16-12-2021 12:25:51
Alka Agarwal,alka95agarwal@gmail.com,9849007487,google,cpc,Discovery_Luxury_Custom_Intent,16-12-2021 13:31:06
Rajinder Singh Bhatia,rajinderbhatia@yahoo.co.in,7709290020,google,cpc,SN_Luxury_Flats_Hyd,16-12-2021 13:37:34
Ghu,Ghh@gj.com,7343333333,google,cpc,Discovery_Luxury_Custom_Intent,16-12-2021 23:22:56
Suresh,Sureshchirala19 @gmail.com ,9491041039,LinkedIN,OT,,17-12-2021 06:12:43
Sachin bagga,sachin1979.sb@gmail.com,9440051552,google,cpc,Discovery_Luxury_Custom_Intent,17-12-2021 07:42:51
Ramesh M G,rameshmg25@gmail.com,9381203094,google,cpc,Discovery_OT,17-12-2021 07:49:50
R k reddy ,prelam_agencies04@yahoo.co.in,9963929393,google,cpc,Discovery_Luxury_Custom_Intent,17-12-2021 08:37:51
R k reddy ,prelam_agencies04@yahoo.co.in,9963929393,google,cpc,Discovery_Luxury_Custom_Intent,17-12-2021 08:38:17
gr babu ,Grbabuguntagani@gmail.com ,7331129381,google,cpc,Discovery_OT,17-12-2021 10:22:22
Rohini,rohinicool15@gmail.com,9959154281,LinkedIN,finance,video,17-12-2021 11:47:12
TANUJA BISHT,TANUJA1992.TANUJA@GMAIL.COM,8650859001,google,cpc,SN_Luxury_Flats_Hyd,17-12-2021 12:13:14
nirala,dlnirala27@gmail.com,8521320798,google,cpc,Discovery_Luxury_Custom_Intent,17-12-2021 13:13:54
Sharika rao,Sharikaraokoluguri@gmail.com,7799164680,google,cpc,SN_Luxury_Flats_Hyd,17-12-2021 13:36:16
Jagadish Kumar,jagadish_gobburu@yahoo.co.in,9848455575,google,cpc,Discovery_Luxury_Custom_Intent,17-12-2021 13:39:32
Naresh MD,mdnaresh.ca@gmail.com,8125673807,LinkedIN,finance,,17-12-2021 14:37:45
Ravi sekhar reddy chilukuri,ravisekhar.c@gmail.com,9160112121,google,cpc,SN_Branded,17-12-2021 15:38:00
Ravi sekhar reddy chilukuri,ravisekhar.c@gmail.com,9160112121,google,cpc,SN_Branded,17-12-2021 15:38:53
Adhwini,Reddy.ashwini5@ gamil.com,9900232566,google,cpc,SN_Branded,17-12-2021 16:42:48
Laxmi ,kowali96@gmail.com,9949999133,google,cpc,Discovery_OT,17-12-2021 18:49:40
Mohan Rao,mohanrao_24@yahoo.co.in,9820035192,google,cpc,Discovery_OT,17-12-2021 19:12:40
Niraja giri,nirajagiri@yahoo.co.in,9949031020,google,cpc,Discovery_OT,17-12-2021 22:00:12
Kalyan,nsamruthavalli@gmail.com,9581100339,LinkedIN,finance,,18-12-2021 08:40:32
Kaushik,kaushikvuppala@gmail.com,8686384838,LinkedIN,OT,,18-12-2021 08:59:15
Girisha ,jg9697@gmail.com,8618464905,LinkedIN,OT,,18-12-2021 12:06:55
Pratik Gupta,Pratikgupta.bits@gmail.com,7330777512,LinkedIN,OT,,18-12-2021 12:12:46
Maulik Panchal,maulikpanchal76@gmail.com,9409306974,google,cpc,SN_Luxury_Flats_Hyd,18-12-2021 12:55:13
Maulik Panchal,maulikpanchal76@gmail.com,9409306974,google,cpc,SN_Luxury_Flats_Hyd,18-12-2021 12:58:36
Maulik Panchal,maulikpanchal76@gmail.com,9409306974,google,cpc,SN_Luxury_Flats_Hyd,18-12-2021 12:58:55
Hari Jetty,hjetty@yahoo.com,6304846028,google,cpc,SN_Luxury_Flats_Hyd,18-12-2021 14:21:58
Vinil,viveraretail@gmail.com,9986353337,LinkedIN,finance,video,18-12-2021 16:28:22
Kranthi,kranthidame2@gmail.com ,9346696799,google,cpc,SN_Branded,18-12-2021 16:59:37
Ramesh ,Rameshvaluva@yahoo.com,9391019720,google,cpc,SN_Branded,18-12-2021 20:10:58
Srikanth,srikanthgan@gmail.com,9989689606,google,cpc,SN_Branded,18-12-2021 22:43:47
Srikanth,srikanthgan@gmail.com,9989689606,google,cpc,SN_Branded,18-12-2021 22:43:50
Srikanth,srikanthgan@gmail.com,9989689606,google,cpc,SN_Branded,18-12-2021 23:18:10
Sridhar,gsreddy2525@yahoo.co.in,9849487585,google,cpc,DN_OT,19-12-2021 07:10:47
Nadeem Ahmed ,nadeem1383u@gmail.com,9121550059,google,cpc,SN_Luxury_Flats_Hyd,19-12-2021 08:46:24
B S Reddy,reddybs1949@gmail.com,9849394810,google,cpc,Discovery_Luxury_Custom_Intent,19-12-2021 09:02:08
B S Reddy,reddybs1949@gmail.com,9849394810,google,cpc,Discovery_Luxury_Custom_Intent,19-12-2021 09:02:27
B S Reddy,reddybs1949@gmail.com,9849394810,google,cpc,Discovery_Luxury_Custom_Intent,19-12-2021 09:02:39
Srinivas,Mansrinivas@gmail.com,8897883410,Facebook,Lookalike (IN, 1%) - IG Engagers | 365 Days,Ad 1,19-12-2021 09:09:42
Pratap,Pratap195@yahoo.com,9640783727,LinkedIN,OT,,19-12-2021 09:59:32
Pratap,Pratap195@yahoo.com,9640783727,LinkedIN,OT,,19-12-2021 10:02:16
Azeem Pasha,pazeem@gmail.com,9193683435,google,cpc,SN_Luxury_Flats_Hyd,19-12-2021 10:42:31
Nirmala,nirmaladasari@yahoo.com,9849219424,LinkedIN,finance,video,19-12-2021 12:33:28
Test ,Test@gmail.com,9999999999,google,cpc,SN_Luxury_Generic,19-12-2021 12:39:09
Praveen,barur77@gmail.com,8790655677,google,cpc,SN_Branded,19-12-2021 13:35:32
Yashwanth Reddy,yashwanth.yreddy@gmail.com,8897278877,google,cpc,SN_Luxury_Generic,19-12-2021 13:39:00
Srikanth,Srikanthgan@gmail.com,9989689606,,,,19-12-2021 14:10:07
Srikanth,Srikanthgan@gmail.com,9989689606,,,,19-12-2021 14:10:09
Vittal,Me,8897185902,google,cpc,DN_OT,19-12-2021 14:28:35
Vittal,Me,8897185902,google,cpc,DN_OT,19-12-2021 14:28:36
Vittal,Me,8897185902,google,cpc,DN_OT,19-12-2021 14:28:38
Vittal,Me,8897185902,google,cpc,DN_OT,19-12-2021 14:28:45
Vittal,Me,8897185902,google,cpc,DN_OT,19-12-2021 14:28:49
Vittal,Me,8897185902,google,cpc,DN_OT,19-12-2021 14:31:12
Vittal,Me,8897185902,google,cpc,DN_OT,19-12-2021 14:31:14
Sree Panchajanyam D,sreepanchajanyam@gmail.com,7702277874,google,cpc,SN_Branded,19-12-2021 20:40:21
Kalyan,Lchakry@gmail.com,9866804805,google,cpc,Discovery_OT,19-12-2021 21:57:59
Nanureddy,12345678,9652262138,google,cpc,DN_OT,20-12-2021 07:24:32
Nanureddy,12345678,9652262138,google,cpc,DN_OT,20-12-2021 07:24:33
Nanureddy,12345678,9652262138,google,cpc,DN_OT,20-12-2021 07:24:34
Nanureddy,12345678,9652262138,google,cpc,DN_OT,20-12-2021 07:24:35
Nanureddy,12345678,9652262138,google,cpc,DN_OT,20-12-2021 07:24:36
Nanureddy,12345678,9652262138,google,cpc,DN_OT,20-12-2021 07:24:36
SujanReddy ,Sujanmfs@gmail.com,9848858058,,,,20-12-2021 08:12:06
SujanReddy ,Sujanmfs@gmail.com,9848858058,,,,20-12-2021 08:12:23
Manjusha ,manjusha.jairaj@gmail.com,9246580474,google,cpc,SN_Luxury_Flats_Hyd,20-12-2021 08:13:33
Prasad, bkdprasad@gmail.com,8886990456,LinkedIN,OT,,20-12-2021 08:19:04
Manoj,Manojmm@me.com,9677067081,google,cpc,SN_Luxury_Flats_Hyd,20-12-2021 09:08:56
N.V. Sharma,sharma.nittala@gmail.com,9391007149,google,cpc,Discovery_Luxury_Custom_Intent,20-12-2021 09:59:54
N.V. Sharma,sharma.nittala@gmail.com,9391007149,google,cpc,Discovery_Luxury_Custom_Intent,20-12-2021 09:59:54
Surya kumari,kumarisurya16168@gmail.com,7287898796,google,cpc,DN_Luxury_Custom_Intent,20-12-2021 13:27:49
Surya kumari,kumarisurya16168@gmail.com,7287898796,google,cpc,DN_Luxury_Custom_Intent,20-12-2021 13:28:58
Surya kumari,kumarisurya16168@gmail.com,7287898796,google,cpc,DN_Luxury_Custom_Intent,20-12-2021 13:29:47
Sivakumar,Kbsivakumar@carbolinetoolings.com,9394741241,Facebook,Investment | 25 - 65+ | Hyderabad,Ad 2,20-12-2021 16:03:44
N Kumar,nkdasari72@gmail.com,9700002345,LinkedIN,OT,,20-12-2021 19:02:03
Sidhanta padhan,padhanasidhanta@gmail.com,7416843546,google,cpc,DN_Luxury_Custom_Intent,20-12-2021 19:12:09
Sidhanta padhan,padhanasidhanta@gmail.com,7416843546,google,cpc,DN_Luxury_Custom_Intent,20-12-2021 19:12:19
Kovidh,S15133a sankasan 11181 @kvsronyde rabad.in,9110701398,google,cpc,DN_Luxury_Custom_Intent,20-12-2021 21:32:43
Sandhya Agarwal,jdjrupenderkumar@gmail.com,9949572081,Facebook,Real estate & Aggregators | 25 - 65+ | Hyderabad,Ad 2,20-12-2021 21:48:04
Sandhya Agarwal,jdjrupenderkumar@gmail.com,9949572081,Facebook,Real estate & Aggregators | 25 - 65+ | Hyderabad,Ad 2,20-12-2021 21:48:08
Sandhya Agarwal,jdjrupenderkumar@gmail.com,9949572081,Facebook,Real estate & Aggregators | 25 - 65+ | Hyderabad,Ad 2,20-12-2021 21:48:21
Sandhya Agarwal,jdjrupenderkumar@gmail.com,9949572081,Facebook,Real estate & Aggregators | 25 - 65+ | Hyderabad,Ad 2,20-12-2021 21:48:39
Bharath,Raghav406@gmail.com,8106219246,google,cpc,Discovery_Luxury_Custom_Intent,20-12-2021 23:07:12
Bharath,Raghav406@gmail.com,8106219246,google,cpc,Discovery_Luxury_Custom_Intent,20-12-2021 23:08:46
Anweesh Sanmala,anweesh@hotmail.com,9492270464,google,cpc,Discovery_Luxury_Custom_Intent,21-12-2021 00:10:29
Anweesh Sanmala,anweesh@hotmail.com,9492270464,google,cpc,Discovery_Luxury_Custom_Intent,21-12-2021 00:10:53
Anweesh Sanmala,anweesh@hotmail.com,9492270464,google,cpc,Discovery_Luxury_Custom_Intent,21-12-2021 00:11:28
Saikumar,chillakarisaikumar112@gmail.com,7416144494,google,cpc,DN_Luxury_Custom_Intent,21-12-2021 01:12:58
Saikumar,chillakarisaikumar112@gmail.com,7416144494,google,cpc,DN_Luxury_Custom_Intent,21-12-2021 01:13:20
deepthi,Deepthi.s.yadav@gmail.com ,7340788668,google,cpc,SN_Luxury_Flats_Hyd,21-12-2021 07:36:56
Vijay Boddu,vijaymohan.boddu@gmail.com,9884144007,google,cpc,Discovery_Luxury_Custom_Intent,21-12-2021 07:49:01
Sandeep ,sj.sandeepgupt@gmail.com,9052336600,LinkedIN,finance,,21-12-2021 07:56:19
chakrapani guntur,chakrapani.guntur@gmail.com,9989152200,LinkedIN,finance,,21-12-2021 07:58:36
Aditya,adityabonda@gmail.com,9848152905,LinkedIN,finance,,21-12-2021 08:14:51
Sunil reddy,devireddysunil@gmail.com,8600004024,google,cpc,Discovery_Luxury_Custom_Intent,21-12-2021 09:58:58
Chanukya,chanukya.nanduru@gmail.com,9492080820,LinkedIN,finance,,21-12-2021 10:11:49
Anupama chakroborty,anu_srk9@yahoo.com,9912182345,google,cpc,Discovery_Luxury_Custom_Intent,21-12-2021 11:20:31
Anupama chakroborty,anu_srk9@yahoo.com,9912182345,google,cpc,Discovery_Luxury_Custom_Intent,21-12-2021 11:20:48
Bharath ,bbharath1907@gmail.com,8328253383,google,cpc,SN_Branded,21-12-2021 11:44:48
Kiran,Saikuranrao63@gmail.com,6309614645,LinkedIN,OT,,21-12-2021 12:05:13
Nupp,null@null.com,9885566311,google,cpc,Discovery_Luxury_Custom_Intent,21-12-2021 12:21:09
D JAGAN MOHAN REDDY,reddydjm@gmail.com,9948094944,google,cpc,SN_Luxury_Generic,21-12-2021 12:34:51
Raghu Mankali,19.raghu@gmail.com,9177264531,google,cpc,SN_Luxury_Flats_Hyd,21-12-2021 14:34:24
Prasannakumar ,Prasannakumar.bs9@icloud.com,7702690159,LinkedIN,OT,,21-12-2021 15:31:54
 Sudhakar b,sudhakarb633@gmail.com,9849395954,google,cpc,SN_Branded,21-12-2021 15:58:50
Ram,vrbapps@gmail.com,9948644714,LinkedIN,OT,,21-12-2021 16:21:06
Pradeep Rao,deepmarch13@gmail.com,9866066099,google,cpc,Discovery_OT,21-12-2021 19:44:11
Dr Khushwant Singh,dr.khushwant@gmail.com,9246529394,google,cpc,Discovery_OT,21-12-2021 20:20:20
Srinivasarao,Prameela,8096842959,google,cpc,DN_Luxury_Custom_Intent,21-12-2021 22:08:12
Srinivasarao,Prameela,8096842959,google,cpc,DN_Luxury_Custom_Intent,21-12-2021 22:08:22
Srinivasarao,Prameela,8096842959,google,cpc,DN_Luxury_Custom_Intent,21-12-2021 22:08:43
Srinivasarao,Prameela,8096842959,google,cpc,DN_Luxury_Custom_Intent,21-12-2021 22:08:44
Srinivasarao,Prameela,8096842959,google,cpc,DN_Luxury_Custom_Intent,21-12-2021 22:12:37
Yahoo,Yahoo@gmail.Com,9988998899,Facebook,Real estate & Aggregators | 25 - 65+ | Hyderabad,Ad 2,21-12-2021 22:31:02
Shivkumar,eskecee@yahoo.com,9849757495,Facebook,Real estate & Aggregators | 25 - 65+ | Hyderabad,Ad 2,21-12-2021 22:32:15
Ssbb,Ebeb,1246363738,google,cpc,Discovery_Luxury_Custom_Intent,22-12-2021 01:12:52
sdf,sdf@sdfs.com,1234567890,google,cpc,SN_Branded,22-12-2021 01:13:40
Vikas Karrolla,vikaspaul07@gmail.com,8801507879,google,cpc,DN_OT,22-12-2021 01:58:21
GUN REDDY,gunreddy1963@gmail.com,9348812627,google,cpc,Discovery_Luxury_Custom_Intent,22-12-2021 05:42:12
ambati balaji,balu.jul27@gmail.com,9908115143,google,cpc,Discovery_Luxury_Custom_Intent,22-12-2021 06:57:45
Roshan Agrawal,roshan.agrawal85@gmail.com,9959209695,google,cpc,Discovery_OT,22-12-2021 07:11:06
Gdsdyt,abc@gmail.com,9876543210,google,cpc,Discovery_Luxury_Custom_Intent,22-12-2021 07:12:31
Sreelatha,Sreelatha.potturi@gmail.com,8008856999,LinkedIN,OT,,22-12-2021 07:18:17
Vamsi ,Vamsijampana999@gmail.com,9652732123,LinkedIN,OT,,22-12-2021 07:34:23
Venu,Kondle2x@gmail.com ,8977001960,google,cpc,Discovery_Luxury_Custom_Intent,22-12-2021 07:40:33
SANDEEP REDDY ANDEM,sandeepandem@live.com,9676437768,google,cpc,Discovery_OT,22-12-2021 08:32:55
Kunal,kunalwaghray@gmail.com,8978096695,Facebook,Real estate & Aggregators | 25 - 65+ | Hyderabad,Ad 2,22-12-2021 08:40:20
Lakshmi Reddi,rayavaramlakshmi@gmail.com,7799327627,google,cpc,Discovery_OT,22-12-2021 09:32:54
Rushi Theja,rushitheja116@gmail.com,8886000699,google,cpc,Discovery_Luxury_Custom_Intent,22-12-2021 11:16:29
Nagasree,nagasree.2010@gmail.com,9390125227,LinkedIN,finance,,22-12-2021 12:40:59
Charan,charan.bobba29@gmail.com,9704050222,,,,22-12-2021 12:54:48
Abcd,Abcd@gmail.com,9876543210,LinkedIN,OT,,22-12-2021 13:21:50
Naresh kumar,Nkdasari72@gmail.com,9700002345,,,,22-12-2021 14:05:25
sanketini narayan,sanketini@gmail.com,9000100732,google,cpc,Discovery_OT,22-12-2021 14:50:51
test,test@test.com,1234567890,LinkedIN,jobtitles,,23-12-2021 19:09:25
test,test@test.com,1234567890,,,,23-12-2021 19:11:46
Deepak Kumar,Deepak Kumar 534@naa,7870030269,google,cpc,DN_OT,23-12-2021 20:03:10
Deepak Kumar,Deepak Kumar 534@naa,7870030269,google,cpc,DN_OT,23-12-2021 20:03:17
Deepak Kumar,Deepak Kumar 534@naa,7870030269,google,cpc,DN_OT,23-12-2021 20:03:42
Deepak Kumar,Deepak Kumar 534@naa,7870030269,google,cpc,DN_OT,23-12-2021 20:04:12
Deepak Kumar,Deepak Kumar 534@naa,7870030269,google,cpc,DN_OT,23-12-2021 20:04:20
Deepak Kumar,Deepak Kumar 534@naa,7870030169,google,cpc,DN_OT,23-12-2021 20:07:29
Deepak Kumar,Deepak Kumar 534@naa,7870030169,google,cpc,DN_OT,23-12-2021 20:07:35
Deepak Kumar,Deepak Kumar 534@naa,7870030169,google,cpc,DN_OT,23-12-2021 20:07:37
Deepak Kumar,Deepak Kumar 534@naa,7870030169,google,cpc,DN_OT,23-12-2021 20:08:13
Anand Krishnan,anand25krish@gmail.com,7674832486,google,cpc,Discovery_OT,23-12-2021 20:12:51
Anand Krishnan,anand25krish@gmail.com,7674832486,google,cpc,Discovery_OT,23-12-2021 20:13:17
Sreenivas Reddy bandi,bsrgreenpower@gmail.com,9393925959,google,cpc,Discovery_OT,23-12-2021 20:48:32
Anees ,anees2523@gmail.com,9908027488,google,cpc,Discovery_OT,23-12-2021 21:46:41
Pratik Tilwani,tilwani. pratik@gmail.com,9581515366,google,cpc,Discovery_OT,23-12-2021 22:18:52
Sanjay Kumar,nexthyd@gmail.com,9866667490,google,cpc,Discovery_OT,23-12-2021 22:30:04
Humera,Pearlehite178@gmail.com,9550165859,google,cpc,Discovery_OT,23-12-2021 23:30:19
Raj,Dvirajhyd@gmail.com,7816023589,google,cpc,Discovery_OT,24-12-2021 00:15:50
Deepti G,deepti_gelli@yahoo.com,9866020267,google,cpc,Discovery_Luxury_Custom_Intent,24-12-2021 00:50:21
Amosu,ams42214310@gmail.com,9160024494,google,cpc,DN_OT,24-12-2021 01:30:42
Amosu,ams42214310@gmail.com,9160024494,google,cpc,DN_OT,24-12-2021 01:32:24
Ramakrishna ,Prkoffice123@gmail.com ,9396541107,google,cpc,Discovery_OT,24-12-2021 08:26:17
Polina Gopala Krishna,polina.gopalakrishna42@gmail.com,7337400603,google,cpc,Discovery_OT,24-12-2021 08:59:00
Polina Gopala Krishna,polina.gopalakrishna42@gmail.com,7337400603,google,cpc,Discovery_OT,24-12-2021 08:59:02
Polina Gopala Krishna,polina.gopalakrishna42@gmail.com,7337400603,google,cpc,Discovery_OT,24-12-2021 08:59:04
Polina Gopala Krishna,polina.gopalakrishna42@gmail.com,7337400603,google,cpc,Discovery_OT,24-12-2021 08:59:23
Xjd,Bsn@gmail.com,9878954367,google,cpc,Discovery_OT,24-12-2021 11:15:13
Srinivasulu,vasu123budarapu@gmail.com,9848019777,google,cpc,Discovery_OT,24-12-2021 11:29:18
Rita Rupani,Ritarajcovergirl@gmail.comR,9246717566,google,cpc,Discovery_OT,24-12-2021 11:37:24
Srinivasulu,vasu123budarapu@gmail.com,9848019777,google,cpc,Discovery_OT,24-12-2021 11:38:27
K v rao ,kumbham999@gmail.com,9393354549,google,cpc,Discovery_Luxury_Custom_Intent,24-12-2021 11:46:34
Amit gandhi,kumaramitgandhi@gmail.com,9949077738,google,cpc,Discovery_Luxury_Custom_Intent,24-12-2021 14:42:20
test,test@gmail.com,1234567890,,,,24-12-2021 14:43:22
test,test@gmail.com,1234567890,,,,24-12-2021 14:49:08
test,test@gmail.com,1234567890,,,,24-12-2021 15:00:26
Deepika ,medipallydeepika@gmail.com,7113304048,google,cpc,Discovery_Luxury_Custom_Intent,24-12-2021 17:32:41
Deepika ,medipallydeepika@gmail.com,7113304048,google,cpc,Discovery_Luxury_Custom_Intent,24-12-2021 17:32:43
Deepika ,medipallydeepika@gmail.com,7113304048,google,cpc,Discovery_Luxury_Custom_Intent,24-12-2021 17:32:44
Deepika ,medipallydeepika@gmail.com,7113304048,google,cpc,Discovery_Luxury_Custom_Intent,24-12-2021 17:32:46
Ubaid ahmed,Ubaid001@gmail.com,9845366600,google,cpc,Discovery_Luxury_Custom_Intent,24-12-2021 20:28:18
Dr. Sarala,drsarala07@gmail.com,9059747205,google,cpc,Discovery_Luxury_Custom_Intent,24-12-2021 20:50:28
Dr. Sarala,drsarala07@gmail.com,9059747205,google,cpc,Discovery_Luxury_Custom_Intent,24-12-2021 20:50:32
Dr. Sarala,drsarala07@gmail.com,9059747205,google,cpc,Discovery_Luxury_Custom_Intent,24-12-2021 20:50:40
Aijaz Ahmed,inboxaijaz@gmail.com,9000002047,google,cpc,Discovery_Luxury_Custom_Intent,24-12-2021 21:21:47
Aijaz Ahmed,inboxaijaz@gmail.com,9000002047,google,cpc,Discovery_Luxury_Custom_Intent,24-12-2021 21:21:48
pavan,karnapan2020@gmail.com,9866125518,google,cpc,SN_Luxury_Flats_Hyd,25-12-2021 00:34:04
Subrahmanyam Rayaprolu ,rayaprolusubramanyam@gmail.com ,9742444047,LinkedIN,OT,,25-12-2021 00:37:36
Tulika ,Tulikaguota@gmail.com,9964995150,google,cpc,SN_Luxury_Flats_Hyd,25-12-2021 00:42:50
Manoj,Manoj.allapu@gmail.com,9700000341,LinkedIN,OT,,25-12-2021 00:43:10
Prateek Tibrewala,prateek.tibrewala@gmail.com,9885709900,LinkedIN,finance,,25-12-2021 01:00:00
T. Srikant ,tadiboyina5@yahoo.com,9440571429,google,cpc,Discovery_Luxury_Custom_Intent,25-12-2021 05:26:02
T. Srikant ,tadiboyina5@yahoo.com,9440571429,google,cpc,Discovery_Luxury_Custom_Intent,25-12-2021 05:26:05
T. Srikant ,tadiboyina5@yahoo.com,9440571429,google,cpc,Discovery_Luxury_Custom_Intent,25-12-2021 05:26:06
T. Srikant ,tadiboyina5@yahoo.com,9440571429,google,cpc,Discovery_Luxury_Custom_Intent,25-12-2021 05:26:10
T. Srikant ,tadiboyina5@yahoo.com,9440571429,google,cpc,Discovery_Luxury_Custom_Intent,25-12-2021 05:26:11
T. Srikant ,tadiboyina5@yahoo.com,9440571429,google,cpc,Discovery_Luxury_Custom_Intent,25-12-2021 05:26:11
T. Srikant ,tadiboyina5@yahoo.com,9440571429,google,cpc,Discovery_Luxury_Custom_Intent,25-12-2021 05:26:12
T. Srikant ,tadiboyina5@yahoo.com,9440571429,google,cpc,Discovery_Luxury_Custom_Intent,25-12-2021 05:26:12
Anjali kedia,Anjalli250158@yahoo.com ,8688968898,google,cpc,Discovery_Luxury_Custom_Intent,25-12-2021 07:19:45
Anjali kedia,Anjalli250158@yahoo.com ,8688968898,google,cpc,Discovery_Luxury_Custom_Intent,25-12-2021 07:19:46
Anjali kedia,Anjalli250158@yahoo.com ,8688968898,google,cpc,Discovery_Luxury_Custom_Intent,25-12-2021 07:19:46
Anjali kedia,Anjalli250158@yahoo.com ,8688968898,google,cpc,Discovery_Luxury_Custom_Intent,25-12-2021 07:19:47
Anjali kedia,Anjalli250158@yahoo.com ,8688968898,google,cpc,Discovery_Luxury_Custom_Intent,25-12-2021 07:19:48
Anjali kedia,Anjalli250158@yahoo.com ,8688968898,google,cpc,Discovery_Luxury_Custom_Intent,25-12-2021 07:19:48
Anjali kedia,Anjalli250158@yahoo.com ,8688968898,google,cpc,Discovery_Luxury_Custom_Intent,25-12-2021 07:19:49
Anjali kedia,Anjalli250158@yahoo.com ,8688968898,google,cpc,Discovery_Luxury_Custom_Intent,25-12-2021 07:19:50
Anjali kedia,Anjalli250158@yahoo.com ,8688968898,google,cpc,Discovery_Luxury_Custom_Intent,25-12-2021 07:21:38
Anjali kedia,Anjalli250158@yahoo.com ,8688968898,google,cpc,Discovery_Luxury_Custom_Intent,25-12-2021 07:21:39
Anjali kedia,Anjalli250158@yahoo.com ,8688968898,google,cpc,Discovery_Luxury_Custom_Intent,25-12-2021 07:21:39
Anjali kedia,Anjalli250158@yahoo.com ,8688968898,google,cpc,Discovery_Luxury_Custom_Intent,25-12-2021 07:21:40
Anjali kedia,Anjalli250158@yahoo.com ,8688968898,google,cpc,Discovery_Luxury_Custom_Intent,25-12-2021 07:21:40
Anjali kedia,Anjalli250158@yahoo.com ,8688968898,google,cpc,Discovery_Luxury_Custom_Intent,25-12-2021 07:21:41
NARENDRA Cheraku,sap.cheraku@gmail.com,9966404696,google,cpc,SN_Luxury_Generic,25-12-2021 07:22:32
Anjali kedia,Anjalli250158@yahoo.com ,8688968898,google,cpc,Discovery_Luxury_Custom_Intent,25-12-2021 07:26:00
Harsha,rshmvy@gmail.com,9963113874,LinkedIN,finance,video,25-12-2021 11:14:48
Harsha,rshmvy@gmail.com,9963113874,LinkedIN,finance,video,25-12-2021 11:14:49
Tejbir kaur ,Tejbirkaur1972@gmail.com ,9246802728,google,cpc,Discovery_Luxury_Custom_Intent,25-12-2021 11:31:52
Abdul salam choudhary,camussalam@gmail.com,9849012972,google,cpc,Discovery_Luxury_Custom_Intent,25-12-2021 11:48:24
VS RAO,kolavsrao@gmail.com,8639799454,google,cpc,SN_Luxury_Flats_Hyd,25-12-2021 11:59:44
Muneer Ahmed,mohmuneer348@gmail.com,8555889478,LinkedInFormSubmitted,,,25-12-2021 12:50:23
Satyapal Reddy,chandupatla369@gmail.com,9849234455,google,cpc,Discovery_Luxury_Custom_Intent,25-12-2021 14:59:29
Sai Koneru,konerusai24@gmail.com,9640367707,google,cpc,SN_Luxury_Flats_Hyd,25-12-2021 14:59:52
Dhiran Bhojwani,bhojwani.dhiran@gmail.com,8886867397,google,cpc,Discovery_OT,25-12-2021 15:17:32
Sudeep Shah,shah.sudeep@gmail.com,9989997792,google,cpc,Discovery_OT,25-12-2021 18:20:46
DR DEEPAK SAHA,drdeepaksaha@gmail.com,9493841512,google,cpc,Discovery_OT,25-12-2021 18:38:19
Naveen Prakash Reddy,rachana.reddy37@gmail.com,9052699943,google,cpc,Discovery_OT,25-12-2021 18:51:37
Ram,Rtummala10@gmail.com,8096626363,LinkedIN,finance,,25-12-2021 19:04:21
Srimannarayana,srimankota35@gmail.com,9701835594,google,cpc,Discovery_Luxury_Custom_Intent,25-12-2021 19:56:14
Pushpa Adapa,pushpaadapa@gmail.com,9866411502,google,cpc,Discovery_Luxury_Custom_Intent,25-12-2021 20:31:56
Pushpa Adapa,pushpaadapa@gmail.com,9866411502,google,cpc,Discovery_Luxury_Custom_Intent,25-12-2021 20:32:14
Pushpa Adapa,pushpaadapa@gmail.com,9866411502,google,cpc,Discovery_Luxury_Custom_Intent,25-12-2021 20:32:18
Pushpa Adapa,pushpaadapa@gmail.com,9866411502,google,cpc,Discovery_Luxury_Custom_Intent,25-12-2021 20:32:19
Absbsh,Naibsisba@gmail.com,9111888162,LinkedIN,OT,,25-12-2021 22:01:26
Satish,Satishpvs@yahoo.com,9849502468,LinkedIN,finance,video,26-12-2021 03:38:46
Aniket,Aniket@aniket.com,9971225774,google,cpc,Discovery_OT,26-12-2021 07:19:30
John,deadmanphenom100@gmail.com,9848022338,LinkedIN,finance,,26-12-2021 08:42:57
sudhakar,swsudhakar@yahoo.com,9948464240,google,cpc,SN_Luxury_Generic,26-12-2021 09:43:48
Madhav,Madhav.brc@gmail.com,9440623222,google,cpc,DN_OT,26-12-2021 11:00:30
Revan Tadikonda,revan.tadikonda@gmail.com,8143242576,google,cpc,Discovery_OT,26-12-2021 11:07:06
rakesh chowdary,rakeshchowdary01@gmail.com,9642480418,google,cpc,SN_Luxury_Generic,26-12-2021 12:27:45
Rimjhim,rimjhimsk@gmail.com,9666644054,Facebook,Investment | 25 - 65+ | Hyderabad,Ad 2,26-12-2021 13:01:39
Tulika gupta,Tulikagupta27@gmail.com,9963995150,google,cpc,SN_Luxury_Flats_Hyd,26-12-2021 13:05:26
Tulika gupta,Tulikagupta27@gmail.com,9963995150,google,cpc,SN_Luxury_Flats_Hyd,26-12-2021 13:05:26
Tulika gupta,Tulikagupta27@gmail.com,9963995150,google,cpc,SN_Luxury_Flats_Hyd,26-12-2021 13:05:28
KeerthiKiran ,keerthiprince1@gmail.com,9989207800,LinkedIN,OT,,26-12-2021 18:39:25
Nitin,Nitinkumarsingh90@gmail.com,9989187607,LinkedIN,OT,,26-12-2021 18:51:06
Rahul ,Luther.rahul@gmail.com,9849069609,LinkedIN,finance,,26-12-2021 20:30:16
Raju,Mnr0588@gmail.com,7416864797,LinkedIN,finance,,27-12-2021 00:36:53
Mythili ,Mythili.2941@gmail.com ,9963916554,LinkedIN,finance,video,27-12-2021 00:56:32
Mythili ,Mythili.2941@gmail.com ,9963916554,LinkedIN,finance,video,27-12-2021 00:56:33
Mythili ,Mythili.2941@gmail.com ,9963916554,LinkedIN,finance,video,27-12-2021 00:56:34
raju,ravi,8121461809,LinkedIN,finance,,27-12-2021 08:33:20
Jb cggg,Vhhg@ghss.com,9999999123,LinkedIN,finance,,27-12-2021 10:19:04
Shafeeq,Mdshafeeq@gmail.com,9885650131,LinkedIN,OT,,27-12-2021 10:24:08
Amitha ,amithareddygopidi@gmail.com,9849711055,LinkedIN,finance,,27-12-2021 12:58:01
Venu Madhav,madity@outlook.in,8297240277,LinkedIN,finance,,27-12-2021 13:01:13
Ayyappa,ayyappach@gmail.com,9290040102,google,cpc,SN_Luxury_Flats_Hyd,27-12-2021 19:06:19
Vishesh signodia,visheshsignodia1006@gnail.com,9000345741,google,cpc,SN_Luxury_Location_Specific,27-12-2021 21:51:47
Kamaldeep ,kdkhanuja17@gmail.com,8099168882,google,cpc,SN_Branded,27-12-2021 23:53:46
Kamaldeep ,kdkhanuja17@gmail.com,8099168882,google,cpc,SN_Branded,27-12-2021 23:53:47
Krishna Chaitanya,krishnachai93@gmail.com,8886256872,LinkedIN,OT,,28-12-2021 09:09:22
Srilikhita Devulapalli,srilikhitadevulapalli075@gmail.com,9493418507,google,cpc,SN_Luxury_Generic,28-12-2021 18:18:14
test harshal,test@gmail.com,9600900001,,,,28-12-2021 19:03:53
Yellu Narender Redd,yellunr@gmail.com,8897999922,google,cpc,Discovery_OT,28-12-2021 20:31:27
Yellu Narender Redd,yellunr@gmail.com,8897999922,google,cpc,Discovery_OT,28-12-2021 20:31:29
Yellu Narender Redd,yellunr@gmail.com,8897999922,google,cpc,Discovery_OT,28-12-2021 20:31:30
Vin,Vinaymoh@gmail.com,9999887676,LinkedIN,finance,,28-12-2021 21:16:35
Ashish,ashisrocking@gmail.com,9052242200,google,cpc,SN_Luxury_Flats_Hyd,29-12-2021 00:37:19
Somani,Somani.Panda@gmail.com,9989024529,LinkedIN,finance,video,29-12-2021 09:13:00
Tarun,tarunkota@hotmail.com,9945807879,LinkedIN,finance,,29-12-2021 12:51:56
Tarun,tarunkota@hotmail.com,9945807879,LinkedIN,finance,,29-12-2021 12:51:58
Lalam venkatarao,venkataraolalam4@gmail.com,9581580667,google,cpc,DN_Luxury_Custom_Intent,29-12-2021 19:51:28
Lalam venkatarao,venkataraolalam4@gmail.com,9581580667,google,cpc,DN_Luxury_Custom_Intent,29-12-2021 19:51:29
Lalam venkatarao,venkataraolalam4@gmail.com,9581580667,google,cpc,DN_Luxury_Custom_Intent,29-12-2021 19:51:34
Lalam venkatarao,venkataraolalam4@gmail.com,9581580667,google,cpc,DN_Luxury_Custom_Intent,29-12-2021 19:52:20
 Vidya Jakkaraju ,jakkaraju.vidya@gmail.com,9949026207,google,cpc,SN_Luxury_Generic,29-12-2021 20:03:05
 Vidya Jakkaraju ,jakkaraju.vidya@gmail.com,9949026207,google,cpc,SN_Luxury_Generic,29-12-2021 20:03:07
 Vidya Jakkaraju ,jakkaraju.vidya@gmail.com,9949026207,google,cpc,SN_Luxury_Generic,29-12-2021 20:03:08
Vidya Jakkaraju ,jakkaraju.vidya@gmail.com,9949026207,google,cpc,SN_Luxury_Generic,29-12-2021 20:05:25
Vidya Jakkaraju ,jakkaraju.vidya@gmail.com,9949026207,google,cpc,SN_Luxury_Generic,29-12-2021 20:05:27
Gangasani Ravinder Reddy,gangasani.ravinder@gmail.com,9848146448,google,cpc,Discovery_Luxury_Custom_Intent,29-12-2021 21:06:58
Gangasani Ravinder Reddy,gangasani.ravinder@gmail.com,9848146448,google,cpc,Discovery_Luxury_Custom_Intent,29-12-2021 21:08:31
Gangasani Ravinder Reddy,gangasani.ravinder@gmail.com,9848146448,google,cpc,Discovery_Luxury_Custom_Intent,29-12-2021 21:11:15
Gangasani Ravinder Reddy,gangasani.ravinder@gmail.com,9848146448,google,cpc,Discovery_Luxury_Custom_Intent,29-12-2021 21:12:41
Gangasani Ravinder Reddy,gangasani.ravinder@gmail.com,9848146448,google,cpc,Discovery_Luxury_Custom_Intent,29-12-2021 21:12:42
Dr.Suchitra Pilli (daughter),ruthsusarla@gmail.com,9494943146,google,cpc,DN_OT,29-12-2021 22:35:02
Harsha,harshavgarg@gmail.com,9849675115,google,cpc,Discovery_OT,29-12-2021 22:35:51
Govind Sai ,madasugovind685@gmail.com,9000300450,LinkedIN,finance,video,29-12-2021 23:53:08
Arafat,arfatahmed1@gmail.com,8978064024,LinkedIN,finance,,30-12-2021 00:01:42
arjun rumalla,rumalla@gmail.com,9100910156,google,cpc,Discovery_OT,30-12-2021 01:43:03
Pavani,drpavani94@gmail.com,7306606986,LinkedIN,finance,video,30-12-2021 09:36:18
Pavani,drpavani94@gmail.com,7306606986,LinkedIN,finance,video,30-12-2021 09:36:29
Pavani,drpavani94@gmail.com,7306606986,LinkedIN,finance,video,30-12-2021 09:37:13
Cgf,Bsn@gmail.com,9878954367,google,cpc,Discovery_OT,30-12-2021 09:51:33
Chaitanya Jamakayala,jchaitanya1979@gmail.com,9177011256,google,cpc,SN_Branded,30-12-2021 10:18:32
PP Sastry,p_p_sastry@yahoo.com,9848044541,google,cpc,Discovery_OT,30-12-2021 11:44:28
PP Sastry,p_p_sastry@yahoo.com,9848044541,google,cpc,Discovery_OT,30-12-2021 11:45:19
Uday,kumar123uday@gmail.com,9848022338,LinkedIN,finance,,30-12-2021 12:14:33
Shilpy Gulati,shilpigulati28@gmail.com,9885184684,google,cpc,SN_Branded,30-12-2021 13:26:18
Shilpy Gulati,shilpigulati28@gmail.com,9885184684,google,cpc,SN_Branded,30-12-2021 13:26:21
Shilpy Gulati,shilpigulati28@gmail.com,9885184684,google,cpc,SN_Branded,30-12-2021 13:26:25
Shilpy Gulati,shilpigulati28@gmail.com,9885184684,google,cpc,SN_Branded,30-12-2021 13:26:31
Shilpy Gulati,shilpigulati28@gmail.com,9885184684,google,cpc,SN_Branded,30-12-2021 13:26:32
Shilpy Gulati,shilpigulati28@gmail.com,9885184684,google,cpc,SN_Branded,30-12-2021 13:26:32
Shilpy Gulati,shilpigulati28@gmail.com,9885184684,google,cpc,SN_Branded,30-12-2021 13:26:34
Shilpy Gulati,shilpigulati28@gmail.com,9885184684,google,cpc,SN_Branded,30-12-2021 13:26:35
Jayasimha,Kkarnam@gmail.com,9010552940,LinkedIN,finance,video,30-12-2021 13:41:59
Ashok,kasula.ashok180@gmail.com,9573611355,google,cpc,Discovery_OT,30-12-2021 16:02:38
Dishaa,jmddhoka@gmail.com,9703992591,google,cpc,DN_Luxury_Custom_Intent,30-12-2021 16:19:38
Dishaa,jmddhoka@gmail.com,9703992591,google,cpc,DN_Luxury_Custom_Intent,30-12-2021 16:19:39
T Saraswathi,hary1980@gmail.com,7702159054,google,cpc,SN_Luxury_Flats_Hyd,30-12-2021 20:41:45
T Saraswathi,hary1980@gmail.com,7702159054,google,cpc,SN_Luxury_Flats_Hyd,30-12-2021 20:41:46
T Saraswathi,hary1980@gmail.com,7702159054,google,cpc,SN_Luxury_Flats_Hyd,30-12-2021 20:41:56
Aameen Sadiq ,aameensadiq@gmail.com,6302008928,LinkedIN,OT,,31-12-2021 00:18:32
Vishnu Vardhan Reddy,vishnuvmreddy0405@gmail.com,8247607860,google,cpc,SN_Luxury_Generic,31-12-2021 07:31:12
Vishnu Vardhan Reddy,vishnuvmreddy0405@gmail.com,8247607860,google,cpc,SN_Luxury_Generic,31-12-2021 07:31:18
Suresh,Sam.seelam@gmail.com ,9550848889,google,cpc,Discovery_OT,31-12-2021 10:39:53
Suresh,Sam.seelam@gmail.com ,9550848889,google,cpc,Discovery_OT,31-12-2021 10:40:01
Suresh,Sam.seelam@gmail.com ,9550848889,google,cpc,Discovery_OT,31-12-2021 10:40:10
Suresh,Sam.seelam@gmail.com ,9550848889,google,cpc,Discovery_OT,31-12-2021 10:40:14
Suresh,Sam.seelam@gmail.com ,9550848889,google,cpc,Discovery_OT,31-12-2021 10:40:21
Krishna murthy ,Veluguri2008@gmail.com ,9347526262,google,cpc,Discovery_OT,31-12-2021 11:32:34
Shilpa ,shilpa_tilwani@yahoo.com,9100592006,google,cpc,Discovery_OT,31-12-2021 11:50:01
Dishaa,jmddhoka@gmail.com,9703992591,google,cpc,DN_Luxury_Custom_Intent,31-12-2021 12:55:20
Dishaa,jmddhoka@gmail.com,9703992591,google,cpc,DN_Luxury_Custom_Intent,31-12-2021 12:55:23
Dishaa,jmddhoka@gmail.com,9703992591,google,cpc,DN_Luxury_Custom_Intent,31-12-2021 12:55:24
N.s.c.bose,maasubash@gmail.com,9849665929,google,cpc,Discovery_OT,31-12-2021 14:24:29
ram,ram@gmail.com,9000000009,google,cpc,DN_OT,31-12-2021 14:55:34
Sandeep Reddy,ssandeepreddy11@gmail.com,9963364488,google,cpc,Discovery_OT,31-12-2021 14:57:07
Nikhitha ,nikhithapeechera9@gmail.com ,9491482276,google,cpc,Discovery_OT,31-12-2021 15:23:30
vitta suresh,vittasuresh999@gmail.com,9848885844,google,cpc,Discovery_OT,31-12-2021 15:42:24
vitta suresh,vittasuresh999@gmail.com,9848885844,google,cpc,Discovery_OT,31-12-2021 15:42:26
vitta suresh,vittasuresh999@gmail.com,9848885844,google,cpc,Discovery_OT,31-12-2021 15:42:27
vitta suresh,vittasuresh999@gmail.com,9848885844,google,cpc,Discovery_OT,31-12-2021 15:42:27
vitta suresh,vittasuresh999@gmail.com,9848885844,google,cpc,Discovery_OT,31-12-2021 15:42:28
vitta suresh,vittasuresh999@gmail.com,9848885844,google,cpc,Discovery_OT,31-12-2021 15:42:28
vitta suresh,vittasuresh999@gmail.com,9848885844,google,cpc,Discovery_OT,31-12-2021 15:42:28
R Rengarajan,rengrajan14@gmail.com,9848576280,google,cpc,Discovery_OT,31-12-2021 16:32:33
R Rengarajan,rengrajan14@gmail.com,9848576280,google,cpc,Discovery_OT,31-12-2021 16:32:33
R Rengarajan,rengrajan14@gmail.com,9848576280,google,cpc,Discovery_OT,31-12-2021 16:32:35
Surya Prakash ,Suryaprakashuro@gmail.com,9490166130,google,cpc,DN_OT,31-12-2021 16:56:39
Narain,subashanand@hotmail.com,9866066500,google,cpc,Discovery_OT,31-12-2021 20:40:10
KC Ashok,chiganshi2@gmail.com,9985637279,google,cpc,Discovery_OT,31-12-2021 20:48:29
KC Ashok,chiganshi2@gmail.com,9985637279,google,cpc,Discovery_OT,31-12-2021 20:48:32
KC Ashok,chiganshi2@gmail.com,9985637279,google,cpc,Discovery_OT,31-12-2021 20:48:33
Kareem,Kareem.   143,9553330380,google,cpc,DN_Luxury_Custom_Intent,01-01-2022 00:16:19
Pavan,Pbhagyanagar@yahoo.co.in ,9849494647,google,cpc,Discovery_Luxury_Custom_Intent,01-01-2022 01:48:00
Swathi,swathinannam31@gmail.com,6304818526,google,cpc,DN_OT,01-01-2022 07:13:26
Swathi,swathinannam31@gmail.com,6304818526,google,cpc,DN_OT,01-01-2022 07:13:27
Swathi,swathinannam31@gmail.com,6304818526,google,cpc,DN_OT,01-01-2022 07:13:28
Swathi,swathinannam31@gmail.com,6304818526,google,cpc,DN_OT,01-01-2022 07:13:29
Chetan,Coolhiran@hotmail.com,9849063108,google,cpc,Discovery_OT,01-01-2022 07:21:19
Chetan,Coolhiran@hotmail.com,9849063108,google,cpc,Discovery_OT,01-01-2022 07:22:00
Chetan,Coolhiran@hotmail.com,9849063108,google,cpc,Discovery_OT,01-01-2022 07:22:00
Brahmaiah Paturi,brahmaiah64@gmail.com,9948849494,google,cpc,SN_Luxury_Flats_Hyd,01-01-2022 07:50:35
Swathi,swathinannam31@gmail.com,6304818526,google,cpc,DN_OT,01-01-2022 08:37:58
Shekhar,Shekhar.csk@gmail.com,8368345339,LinkedIN,OT,,01-01-2022 19:16:31
Gopal,gopalkd@rediffmail.com,9324961362,LinkedIN,finance,,01-01-2022 19:26:53
Saneeth ,Saneethb@gmail.com,9052475075,Facebook,Real estate & Aggregators | 25 - 65+ | Hyderabad,Ad 2,02-01-2022 12:28:08
Subbaram Gowra ,Subbaramg@gbb.co.in ,9849004358,LinkedIN,finance,,02-01-2022 12:45:38
Subbaram Gowra ,Subbaramg@gbb.co.in ,9849004358,LinkedIN,finance,,02-01-2022 12:45:39
Mani,mani.nag31@gmail.com,8712103191,LinkedIN,finance,,02-01-2022 16:37:13
sivaji rao,sivaji.itr@gmail.com,9989188968,LinkedIN,finance,video,02-01-2022 23:59:57
shravani,shravani.aravapalli@gmail.com,9502834565,LinkedIN,finance,video,03-01-2022 13:30:43
shravani,shravani.aravapalli@gmail.com,9502834565,LinkedIN,finance,video,03-01-2022 13:30:49
Vinay ,Vinayreddy.ravula26@gmail.com,8106770801,LinkedIN,OT,,03-01-2022 15:10:09
Vinay ,Vinayreddy.ravula26@gmail.com,8106770801,LinkedIN,OT,,03-01-2022 15:10:27
Rajendra ,Shailendra duvvuri999@gmail.com ,9177519996,google,cpc,Discovery_Luxury_Custom_Intent,03-01-2022 18:57:46
Rajendra ,Shailendra duvvuri999@gmail.com ,9177519996,google,cpc,Discovery_Luxury_Custom_Intent,03-01-2022 18:58:54
Rajendra ,Shailendra duvvuri999@gmail.com ,9177519996,google,cpc,Discovery_Luxury_Custom_Intent,03-01-2022 18:58:57
Rajendra ,Shailendra duvvuri999@gmail.com ,9177519996,google,cpc,Discovery_Luxury_Custom_Intent,03-01-2022 18:58:59
Rajendra ,Shailendra duvvuri999@gmail.com ,9177519996,google,cpc,Discovery_Luxury_Custom_Intent,03-01-2022 18:59:10
T greepthi,t deepthi286@gmailcom,9494041580,google,cpc,DN_Luxury_Custom_Intent,03-01-2022 19:15:19
T greepthi,t deepthi286@gmailcom,9494041580,google,cpc,DN_Luxury_Custom_Intent,03-01-2022 19:15:21
Lohith Adithya ,830972956,7893335142,google,cpc,DN_Luxury_Custom_Intent,03-01-2022 19:24:34
Lohith Adithya ,830972956,7893335142,google,cpc,DN_Luxury_Custom_Intent,03-01-2022 19:24:36
Srikirthana,srikirthana09@gmail.com,9705539054,google,cpc,SN_Luxury_Generic,03-01-2022 19:28:33
Srikirthana,srikirthana09@gmail.com,9705539054,google,cpc,SN_Luxury_Generic,03-01-2022 19:29:00
Srikirthana,srikirthana09@gmail.com,9705539054,google,cpc,SN_Luxury_Generic,03-01-2022 19:29:18
Srikirthana,srikirthana09@gmail.com,9705539054,google,cpc,SN_Luxury_Generic,03-01-2022 19:29:24
Swargam Ravi ,ravi.swargam@gmail.com,9849501234,google,cpc,Discovery_OT,03-01-2022 19:36:37
Test,test123@gmail.cok,8786876567,LinkedIN,finance,,03-01-2022 19:41:10
Test,test123@gmail.cok,8786876567,LinkedIN,finance,,03-01-2022 19:41:13
Puli pallavi,ramireddy.puli9@gmail.com,9398129283,LinkedIN,finance,video,03-01-2022 19:44:29
Puli pallavi,ramireddy.puli9@gmail.com,9398129283,LinkedIN,finance,video,03-01-2022 19:44:52
Haker,sivasambasiva95@gmail.com,6309803047,google,cpc,DN_Luxury_Custom_Intent,03-01-2022 19:49:09
Soni,vinki1988@gmail.com,9866620028,google,cpc,Discovery_OT,03-01-2022 21:37:17
Soni,vinki1988@gmail.com,9866620028,google,cpc,Discovery_OT,03-01-2022 21:37:18
Raj agarwal,rk7638450@gmail.com,9347710900,google,cpc,DN_OT,03-01-2022 21:41:00
Rahul Parwani,rahul@prayagh.com,9346774238,google,cpc,Discovery_Luxury_Custom_Intent,03-01-2022 22:11:02
Rajat Bhansali,rajatbhansali@gmail.com,9177844121,google,cpc,DN_OT,03-01-2022 22:12:01
Bhavesh,Sminanki9@gmail.com,9848049591,google,cpc,Discovery_OT,03-01-2022 22:36:08
Bhavesh,Sminanki9@gmail.com,9848049591,google,cpc,Discovery_OT,03-01-2022 22:36:09
Bhavesh,Sminanki9@gmail.com,9848049591,google,cpc,Discovery_OT,03-01-2022 22:36:09
Mounika,Mounika123@gamil.com,9347931416,google,cpc,DN_Luxury_Custom_Intent,03-01-2022 22:43:37
Mounika,Mounika123@gamil.com,9347931416,google,cpc,DN_Luxury_Custom_Intent,03-01-2022 22:43:38
Mounika,Mounika123@gamil.com,9347931416,google,cpc,DN_Luxury_Custom_Intent,03-01-2022 22:43:39
Mounika,Mounika123@gamil.com,9347931416,google,cpc,DN_Luxury_Custom_Intent,03-01-2022 22:43:40
Mounika,Mounika123@gamil.com,9619777563,google,cpc,DN_Luxury_Custom_Intent,03-01-2022 22:45:13
Mounika,Mounika123@gamil.com,9619777563,google,cpc,DN_Luxury_Custom_Intent,03-01-2022 22:45:13
Mounika,Mounika123@gamil.com,9619777563,google,cpc,DN_Luxury_Custom_Intent,03-01-2022 22:46:31
Mounika,Mounika123@gamil.com,9619777563,google,cpc,DN_Luxury_Custom_Intent,03-01-2022 22:46:32
Mounika,Mounika123@gamil.com,9347931416,google,cpc,DN_Luxury_Custom_Intent,03-01-2022 22:49:22
Mounika,Mounika123@gamil.com,9347931416,google,cpc,DN_Luxury_Custom_Intent,03-01-2022 22:49:22
Rajesh,rajeshneni@hotmail.com,9346033334,google,cpc,Discovery_OT,03-01-2022 22:56:06
Tapaneesh Chou,Tapaneeshchou@gmail.com,9951992345,google,cpc,SN_Luxury_Flats_Hyd,03-01-2022 22:57:25
Tapaneesh Chou,Tapaneeshchou@gmail.com,9951992345,google,cpc,SN_Luxury_Flats_Hyd,03-01-2022 22:57:51
Baji Thota,baji.thota@gmail.com,8886919295,LinkedIN,finance,video,03-01-2022 23:14:25
Baji Thota,baji.thota@gmail.com,8886919295,LinkedIN,finance,video,03-01-2022 23:14:27
Sonu kumar,8756355369,8756355369,google,cpc,DN_Luxury_Custom_Intent,03-01-2022 23:37:01
Sonu kumar,8756355369,8756355369,google,cpc,DN_Luxury_Custom_Intent,03-01-2022 23:37:47
Nur,nuruddin21@gmail.com,8978184985,Facebook,Real estate & Aggregators | 25 - 65+ | Hyderabad,Ad 2,04-01-2022 00:57:18
Srilakshmi,srilakshminrao9@yahoo.com,9789449244,google,cpc,Discovery_Luxury_Custom_Intent,04-01-2022 01:06:03
Srilakshmi,srilakshminrao9@yahoo.com,9789449244,google,cpc,Discovery_Luxury_Custom_Intent,04-01-2022 01:06:36
Srilakshmi,srilakshminrao9@yahoo.com,9789449244,google,cpc,Discovery_Luxury_Custom_Intent,04-01-2022 01:08:07
Sai keertan ,Keerthan.s88@gmail.com ,7702296556,google,cpc,SN_Luxury_Flats_Hyd,04-01-2022 06:36:03
Sneha Nair,snehaair18@gmail.com,7676169455,google,cpc,SN_Branded,04-01-2022 07:58:10
Shyam,jyothijyothi0558@gmail.com,9963611528,google,cpc,DN_Luxury_Custom_Intent,04-01-2022 08:58:11
Shyam,jyothijyothi0558@gmail.com,9963611528,google,cpc,DN_Luxury_Custom_Intent,04-01-2022 08:58:12
Satish j,Alrisa01@yahoo.com,7347482256,google,cpc,SN_Luxury_Flats_Hyd,04-01-2022 09:30:20
Chrry,basuvulaabhiram@gmail.com,7075993115,google,cpc,DN_Luxury_Custom_Intent,04-01-2022 10:03:35
Mrs Anand,sudha_penu@yahoo.co.in,9849455236,google,cpc,DN_OT,04-01-2022 11:16:24
Mrs Anand,sudha_penu@yahoo.co.in,9849455236,google,cpc,DN_OT,04-01-2022 11:16:27
Rohit,rohitmateti19@gmail.com,7032770019,google,cpc,SN_Luxury_Flats_Hyd,04-01-2022 11:40:48
Bharat,bharatbolla777@gmail.com,7382993090,google,cpc,SN_Luxury_Flats_Hyd,04-01-2022 14:57:28
Bharat,bharatbolla777@gmail.com,7382993090,google,cpc,SN_Luxury_Flats_Hyd,04-01-2022 14:57:54
Harsha,Harshasankisa@gmail.com ,9160584488,LinkedInFormSubmitted,,,04-01-2022 19:07:35
Dheeraj Vema,vema.dheeraj@gmail.com,9167329242,LinkedInFormSubmitted,,,04-01-2022 21:13:31
Kiran,pasunurisaikiran@gmail.com,8639303208,google,cpc,Discovery_Luxury_Custom_Intent,04-01-2022 21:21:24
Kiran,pasunurisaikiran@gmail.com,8639303208,google,cpc,Discovery_Luxury_Custom_Intent,04-01-2022 21:21:54
A Virita,viritaadapa@gmail.com,9701343678,Facebook,Luxury Brands | Hyderabad | 28 - 65+,Ad 2,05-01-2022 10:06:08
Umesh Dubey,Umesh@techefficio.com,9000611613,LinkedInFormSubmitted,,,05-01-2022 12:56:16
Mohan Babu karampudi,Mohan_db@hotmail.com,9885240880,LinkedInFormSubmitted,,,05-01-2022 19:00:09